VehicleID,Amount (Million Naira)
VHL18518,1.00
VHL17149,1.00
VHL10927,1.00
VHL12909,1.00
VHL12348,1.00
VHL10798,1.00
VHL11022,1.00
VHL12206,1.00
VHL11697,1.00
VHL12313,1.00
VHL13411,1.00
VHL14334,1.00
VHL14302,1.00
VHL13979,1.00
VHL12272,1.00
VHL15071,1.00
VHL19166,1.00
VHL10471,1.00
VHL18431,1.00
VHL12325,1.00
VHL15657,1.00
VHL13667,1.00
VHL18913,1.00
VHL13273,1.00
VHL16576,1.00
VHL15506,1.00
VHL10460,1.00
VHL16050,1.00
VHL17918,1.00
VHL12992,1.00
VHL10261,1.00
VHL18348,1.00
VHL11577,1.00
VHL16957,1.00
VHL16165,1.00
VHL11441,1.00
VHL19990,1.00
VHL14072,1.00
VHL13637,1.00
VHL10757,1.00
VHL12657,1.00
VHL19939,1.00
VHL12094,1.00
VHL17177,1.00
VHL16720,1.00
VHL11478,1.00
VHL14386,1.00
VHL11341,1.00
VHL18683,1.00
VHL13430,1.00
VHL18932,1.00
VHL17505,1.00
VHL16272,1.00
VHL14777,1.00
VHL13186,1.00
VHL19383,1.00
VHL14605,1.00
VHL11440,1.00
VHL14303,1.00
VHL19478,1.00
VHL17837,1.00
VHL12824,1.00
VHL17476,1.00
VHL18988,1.00
VHL19482,1.00
VHL13263,1.00
VHL17078,1.00
VHL19170,1.00
VHL18070,1.00
VHL18061,1.00
VHL10726,1.00
VHL19212,1.00
VHL13283,1.00
VHL14023,1.00
VHL16973,1.00
VHL19653,1.00
VHL18605,1.00
VHL13287,1.00
VHL15719,1.00
VHL19636,1.00
VHL11009,1.00
VHL18087,1.00
VHL14422,1.00
VHL15789,1.00
VHL12369,1.00
VHL15812,1.00
VHL18767,1.00
VHL19271,1.00
VHL17403,1.00
VHL12967,1.00
VHL19998,1.00
VHL12336,1.00
VHL10328,1.00
VHL18908,1.00
VHL11127,1.00
VHL12655,1.00
VHL19086,1.00
VHL10384,1.00
VHL15712,1.00
VHL11054,1.00
VHL16505,1.00
VHL10534,1.00
VHL14120,1.00
VHL10206,1.00
VHL13595,1.00
VHL15887,1.00
VHL12672,1.00
VHL19770,1.00
VHL13026,1.00
VHL12635,1.00
VHL14014,1.00
VHL19238,1.00
VHL18156,1.00
VHL13087,1.00
VHL13743,1.00
VHL19323,1.00
VHL16129,1.00
VHL17626,1.00
VHL14525,1.00
VHL15597,1.00
VHL19429,1.00
VHL14074,1.00
VHL17422,1.00
VHL11861,1.00
VHL19828,1.00
VHL14000,1.00
VHL12312,1.00
VHL16257,1.00
VHL14859,1.00
VHL16048,1.00
VHL14039,1.00
VHL10296,1.00
VHL14949,1.00
VHL17034,1.00
VHL17149,1.00
VHL19677,1.00
VHL14433,1.00
VHL16582,1.00
VHL10059,1.00
VHL17140,1.00
VHL10364,1.00
VHL16932,1.00
VHL18587,1.00
VHL13635,1.00
VHL18371,1.00
VHL19622,1.00
VHL18669,1.00
VHL17359,1.00
VHL19788,1.00
VHL19078,1.00
VHL12673,1.00
VHL17895,1.00
VHL18950,1.00
VHL13562,1.00
VHL11306,1.00
VHL15496,1.00
VHL11927,1.00
VHL10392,1.00
VHL14124,1.00
VHL12586,1.00
VHL12895,1.00
VHL18481,1.00
VHL11310,1.00
VHL15810,1.00
VHL16037,1.00
VHL19627,1.00
VHL11152,1.00
VHL17698,1.00
VHL19815,1.00
VHL18192,1.00
VHL19720,1.00
VHL11686,1.00
VHL18649,1.00
VHL12765,1.00
VHL10026,1.00
VHL11001,1.00
VHL13433,1.00
VHL17827,1.00
VHL12344,1.00
VHL17308,1.00
VHL18722,1.00
VHL17199,1.00
VHL15338,1.00
VHL16946,1.00
VHL11039,1.00
VHL18017,1.00
VHL15945,1.00
VHL14724,1.00
VHL15314,1.00
VHL14276,1.00
VHL17883,1.00
VHL14385,1.00
VHL18665,1.00
VHL15936,1.00
VHL19518,1.00
VHL13530,1.00
VHL17861,1.00
VHL10966,1.00
VHL11652,1.00
VHL16641,1.00
VHL12017,1.00
VHL14856,1.00
VHL16801,1.00
VHL16814,1.00
VHL13748,1.00
VHL13104,1.00
VHL10022,1.00
VHL14787,1.00
VHL19015,1.00
VHL11089,1.00
VHL13873,1.00
VHL15486,1.00
VHL13253,1.00
VHL15232,1.00
VHL18914,1.00
VHL14922,1.00
VHL14541,1.00
VHL15820,1.00
VHL10710,1.00
VHL11752,1.00
VHL13868,1.00
VHL17442,1.00
VHL14571,1.00
VHL17155,1.00
VHL11093,1.00
VHL18280,1.00
VHL18425,1.00
VHL10175,1.00
VHL15307,1.00
VHL18062,1.00
VHL18972,1.00
VHL11185,1.00
VHL10343,1.00
VHL10450,1.00
VHL19621,1.00
VHL14502,1.00
VHL12768,1.00
VHL19922,1.00
VHL10824,1.00
VHL16646,1.00
VHL15462,1.00
VHL15801,1.00
VHL10322,1.00
VHL15613,1.00
VHL17756,1.00
VHL16186,1.00
VHL19061,1.00
VHL13446,1.00
VHL10599,1.00
VHL18255,1.00
VHL17948,1.00
VHL17616,1.00
VHL17664,1.00
VHL18299,1.00
VHL18959,1.00
VHL10473,1.00
VHL17271,1.00
VHL19798,1.00
VHL17935,1.00
VHL10245,1.00
VHL15041,1.00
VHL15001,1.00
VHL16287,1.00
VHL13974,1.00
VHL15764,1.00
VHL18888,1.00
VHL14882,1.00
VHL19424,1.00
VHL13785,1.00
VHL10783,1.00
VHL19808,1.00
VHL18890,1.00
VHL13440,1.00
VHL13285,1.00
VHL18805,1.00
VHL18550,1.00
VHL10061,1.00
VHL18522,1.00
VHL16813,1.00
VHL11036,1.00
VHL12107,1.00
VHL17826,1.00
VHL14449,1.00
VHL14938,1.00
VHL14098,1.00
VHL19241,1.00
VHL17856,1.00
VHL18900,1.00
VHL11133,1.00
VHL11687,1.00
VHL12719,1.00
VHL15531,1.00
VHL17329,1.00
VHL16806,1.00
VHL11582,1.00
VHL16362,1.00
VHL11119,1.00
VHL13806,1.00
VHL11733,1.00
VHL18959,1.00
VHL17287,1.00
VHL11709,1.00
VHL19793,1.00
VHL19880,1.00
VHL19964,1.00
VHL12784,1.00
VHL17371,1.00
VHL12439,1.00
VHL16652,1.00
VHL17836,1.00
VHL16597,1.00
VHL18707,1.00
VHL16683,1.00
VHL15365,1.00
VHL13507,1.00
VHL14459,1.00
VHL19300,1.00
VHL18418,1.00
VHL15350,1.00
VHL15927,1.00
VHL12985,1.00
VHL10426,1.00
VHL10506,1.00
VHL11042,1.00
VHL18043,1.00
VHL16258,1.00
VHL19326,1.00
VHL15424,1.00
VHL19014,1.00
VHL11310,1.00
VHL12927,1.00
VHL10082,1.00
VHL10068,1.00
VHL13660,1.00
VHL18810,1.00
VHL17666,1.00
VHL18022,1.00
VHL11237,1.00
VHL17240,1.00
VHL13512,1.00
VHL10596,1.00
VHL10073,1.00
VHL13719,1.00
VHL10077,1.00
VHL13151,1.00
VHL12499,1.00
VHL18832,1.00
VHL16790,1.00
VHL13880,1.00
VHL19448,1.00
VHL15860,1.00
VHL14538,1.00
VHL16505,1.00
VHL11544,1.00
VHL19830,1.00
VHL10194,1.00
VHL15744,1.00
VHL10957,1.00
VHL12568,1.00
VHL19448,1.00
VHL14417,1.00
VHL10368,1.00
VHL10806,1.00
VHL17414,1.00
VHL14892,1.00
VHL17933,1.00
VHL15852,1.00
VHL10505,1.00
VHL18345,1.00
VHL13294,1.00
VHL18253,1.00
VHL17152,1.00
VHL12883,1.00
VHL16101,1.00
VHL15563,1.00
VHL10313,1.00
VHL18291,1.00
VHL13553,1.00
VHL11440,1.00
VHL15887,1.00
VHL17489,1.00
VHL16271,1.00
VHL15007,1.00
VHL15329,1.00
VHL13826,1.00
VHL11568,1.00
VHL13578,1.00
VHL16302,1.00
VHL12677,1.00
VHL18866,1.00
VHL11976,1.00
VHL17817,1.00
VHL16893,1.00
VHL11075,1.00
VHL14865,1.00
VHL13535,1.00
VHL16299,1.00
VHL19327,1.00
VHL10055,1.00
VHL14258,1.00
VHL11527,1.00
VHL17682,1.00
VHL10073,1.00
VHL14599,1.00
VHL15495,1.00
VHL13387,1.00
VHL19505,1.00
VHL16307,1.00
VHL11034,1.00
VHL13625,1.00
VHL19623,1.00
VHL10838,1.00
VHL11711,1.00
VHL14148,1.00
VHL15745,1.00
VHL15705,1.00
VHL14767,1.00
VHL10108,1.00
VHL17818,1.00
VHL18324,1.00
VHL19741,1.00
VHL11815,1.00
VHL18939,1.00
VHL18042,1.00
VHL13176,1.00
VHL16859,1.00
VHL14405,1.00
VHL14751,1.00
VHL18416,1.00
VHL13952,1.00
VHL14726,1.00
VHL11889,1.00
VHL12851,1.00
VHL12862,1.00
VHL14262,1.00
VHL13520,1.00
VHL14967,1.00
VHL14728,1.00
VHL15340,1.00
VHL14760,1.00
VHL18498,1.00
VHL18440,1.00
VHL18477,1.00
VHL16456,1.00
VHL19596,1.00
VHL19616,1.00
VHL12885,1.00
VHL13080,1.00
VHL10988,1.00
VHL16251,1.00
VHL16941,1.00
VHL19708,1.00
VHL13116,1.00
VHL17823,1.00
VHL14587,1.00
VHL16807,1.00
VHL15706,1.00
VHL19568,1.00
VHL12877,1.00
VHL16412,1.00
VHL18036,1.00
VHL16860,1.00
VHL14755,1.00
VHL19234,1.00
VHL13272,1.00
VHL16892,1.00
VHL17413,1.00
VHL18817,1.00
VHL11681,1.00
VHL10192,1.00
VHL16374,1.00
VHL17630,1.00
VHL15610,1.00
VHL11364,1.00
VHL13136,1.00
VHL10038,1.00
VHL12580,1.00
VHL14253,1.00
VHL17421,1.00
VHL15458,1.00
VHL12574,1.00
VHL14109,1.00
VHL15943,1.00
VHL17404,1.00
VHL14940,1.00
VHL16625,1.00
VHL12066,1.00
VHL12899,1.00
VHL11652,1.00
VHL17554,1.00
VHL11567,1.00
VHL10163,1.00
VHL10355,1.00
VHL12041,1.00
VHL13416,1.00
VHL15974,1.00
VHL12082,1.00
VHL12319,1.00
VHL12556,1.00
VHL18675,1.00
VHL13381,1.00
VHL14325,1.00
VHL15875,1.00
VHL10638,1.00
VHL10544,1.00
VHL11654,1.00
VHL14423,1.00
VHL14569,1.00
VHL15007,1.00
VHL18221,1.00
VHL10785,1.00
VHL16546,1.00
VHL19173,1.00
VHL11731,1.00
VHL18180,1.00
VHL19452,1.00
VHL16163,1.00
VHL14877,1.00
VHL10102,1.00
VHL16046,1.00
VHL13684,1.00
VHL18749,1.00
VHL15304,1.00
VHL10117,1.00
VHL19957,1.00
VHL19132,1.00
VHL15383,1.00
VHL10136,1.00
VHL17919,1.00
VHL11444,1.00
VHL18795,1.00
VHL12062,1.00
VHL15890,1.00
VHL17372,1.00
VHL12038,1.00
VHL19368,1.00
VHL10476,1.00
VHL14079,1.00
VHL10401,1.00
VHL12810,1.00
VHL19466,1.00
VHL15757,1.00
VHL15894,1.00
VHL18056,1.00
VHL16634,1.00
VHL16608,1.00
VHL19831,1.00
VHL13863,1.00
VHL11159,1.00
VHL15412,1.00
VHL10730,1.00
VHL17248,1.00
VHL16421,1.00
VHL11328,1.00
VHL18439,1.00
VHL12340,1.00
VHL10461,1.00
VHL15024,1.00
VHL11850,1.00
VHL16423,1.00
VHL16427,1.00
VHL13444,1.00
VHL16609,1.00
VHL11522,1.00
VHL11433,1.00
VHL15853,1.00
VHL14168,1.00
VHL19004,1.00
VHL10827,1.00
VHL19998,1.00
VHL14997,1.00
VHL15827,1.00
VHL18844,1.00
VHL10076,1.00
VHL16342,1.00
VHL19420,1.00
VHL12762,1.00
VHL16916,1.00
VHL10660,1.00
VHL18142,1.00
VHL13721,1.00
VHL18101,1.00
VHL11732,1.00
VHL14351,1.00
VHL16617,1.00
VHL13840,1.00
VHL10596,1.00
VHL19148,1.00
VHL16845,1.00
VHL17262,1.00
VHL17801,1.00
VHL18039,1.00
VHL15369,1.00
VHL14483,1.00
VHL19700,1.00
VHL15877,1.00
VHL15552,1.00
VHL18756,1.00
VHL10301,1.00
VHL17678,1.00
VHL17604,1.00
VHL17969,1.00
VHL17089,1.00
VHL13239,1.00
VHL12466,1.00
VHL16020,1.00
VHL15014,1.00
VHL13302,1.00
VHL17986,1.00
VHL14724,1.00
VHL15147,1.00
VHL15325,1.00
VHL16131,1.00
VHL14868,1.00
VHL15382,1.00
VHL12164,1.00
VHL11723,1.00
VHL14888,1.00
VHL17997,1.00
VHL11576,1.00
VHL16048,1.00
VHL17795,1.00
VHL15642,1.00
VHL13953,1.00
VHL10189,1.00
VHL13338,1.00
VHL19247,1.00
VHL16429,1.00
VHL10272,1.00
VHL12716,1.00
VHL12652,1.00
VHL13545,1.00
VHL11323,1.00
VHL15121,1.00
VHL17568,1.00
VHL11886,1.00
VHL17402,1.00
VHL10243,1.00
VHL13407,1.00
VHL12149,1.00
VHL11037,1.00
VHL17924,1.00
VHL12180,1.00
VHL14683,1.00
VHL18920,1.00
VHL12024,1.00
VHL13968,1.00
VHL11079,1.00
VHL14355,1.00
VHL11824,1.00
VHL19942,1.00
VHL12917,1.00
VHL15326,1.00
VHL13585,1.00
VHL12069,1.00
VHL17056,1.00
VHL10515,1.00
VHL16435,1.00
VHL17564,1.00
VHL18798,1.00
VHL10222,1.00
VHL17645,1.00
VHL10810,1.00
VHL14216,1.00
VHL13799,1.00
VHL19965,1.00
VHL18568,1.00
VHL17957,1.00
VHL11023,1.00
VHL17797,1.00
VHL16174,1.00
VHL15112,1.00
VHL10167,1.00
VHL18749,1.00
VHL16276,1.00
VHL15593,1.00
VHL18474,1.00
VHL13000,1.00
VHL10796,1.00
VHL16443,1.00
VHL13954,1.00
VHL12761,1.00
VHL17916,1.00
VHL13145,1.00
VHL19331,1.00
VHL15623,1.00
VHL13922,1.00
VHL11222,1.00
VHL15425,1.00
VHL19072,1.00
VHL18649,1.00
VHL14730,1.00
VHL12512,1.00
VHL18486,1.00
VHL13182,1.00
VHL19735,1.00
VHL13370,1.00
VHL15038,1.00
VHL13034,1.00
VHL16581,1.00
VHL12113,1.00
VHL16914,1.00
VHL18231,1.00
VHL14192,1.00
VHL10404,1.00
VHL10084,1.00
VHL13855,1.00
VHL14027,1.00
VHL16209,1.00
VHL11144,1.00
VHL18646,1.00
VHL16431,1.00
VHL16873,1.00
VHL19594,1.00
VHL18630,1.00
VHL17288,1.00
VHL13113,1.00
VHL18865,1.00
VHL18260,1.00
VHL13198,1.00
VHL11475,1.00
VHL18584,1.00
VHL14768,1.00
VHL16073,1.00
VHL15742,1.00
VHL18879,1.00
VHL12038,1.00
VHL19728,1.00
VHL17986,1.00
VHL18819,1.00
VHL12225,1.00
VHL19157,1.00
VHL19615,1.00
VHL17175,1.00
VHL13050,1.00
VHL13123,1.00
VHL16065,1.00
VHL12484,1.00
VHL11338,1.00
VHL17289,1.00
VHL15447,1.00
VHL18803,1.00
VHL18294,1.00
VHL15133,1.00
VHL10657,1.00
VHL10619,1.00
VHL17912,1.00
VHL18164,1.00
VHL14504,1.00
VHL18885,1.00
VHL10118,1.00
VHL17852,1.00
VHL18834,1.00
VHL11508,1.00
VHL17633,1.00
VHL15893,1.00
VHL14089,1.00
VHL18800,1.00
VHL12314,1.00
VHL18047,1.00
VHL11118,1.00
VHL17922,1.00
VHL17121,1.00
VHL13960,1.00
VHL15350,1.00
VHL17939,1.00
VHL11888,1.00
VHL17044,1.00
VHL10290,1.00
VHL19497,1.00
VHL17807,1.00
VHL11467,1.00
VHL14703,1.00
VHL17518,1.00
VHL19578,1.00
VHL10425,1.00
VHL11304,1.00
VHL10086,1.00
VHL19512,1.00
VHL13350,1.00
VHL12694,1.00
VHL12838,1.00
VHL16255,1.00
VHL15196,1.00
VHL16844,1.00
VHL10977,1.00
VHL18145,1.00
VHL12297,1.00
VHL15274,1.00
VHL15478,1.00
VHL16940,1.00
VHL14407,1.00
VHL19544,1.00
VHL10519,1.00
VHL16928,1.00
VHL11692,1.00
VHL15180,1.00
VHL19040,1.00
VHL11628,1.00
VHL19845,1.00
VHL16574,1.00
VHL14807,1.00
VHL11188,1.00
VHL18077,1.00
VHL14836,1.00
VHL13406,1.00
VHL18365,1.00
VHL18328,1.00
VHL14695,1.00
VHL12724,1.00
VHL10202,1.00
VHL12815,1.00
VHL12630,1.00
VHL14283,1.00
VHL18698,1.00
VHL10141,1.00
VHL16204,1.00
VHL11310,1.00
VHL18878,1.00
VHL19310,1.00
VHL18219,1.00
VHL13108,1.00
VHL14070,1.00
VHL16891,1.00
VHL10398,1.00
VHL12755,1.00
VHL12995,1.00
VHL12158,1.00
VHL17814,1.00
VHL15098,1.00
VHL13066,1.00
VHL13362,1.00
VHL13443,1.00
VHL18173,1.00
VHL16277,1.00
VHL17380,1.00
VHL18129,1.00
VHL11891,1.00
VHL11042,1.00
VHL16137,1.00
VHL13400,1.00
VHL19399,1.00
VHL16723,1.00
VHL12416,1.00
VHL10350,1.00
VHL13811,1.00
VHL13916,1.00
VHL11857,1.00
VHL12040,1.00
VHL10872,1.00
VHL14351,1.00
VHL18230,1.00
VHL14851,1.00
VHL19426,1.00
VHL12795,1.00
VHL16882,1.00
VHL15924,1.00
VHL10807,1.00
VHL10611,1.00
VHL15296,1.00
VHL11333,1.00
VHL18616,1.00
VHL15633,1.00
VHL15157,1.00
VHL16982,1.00
VHL13879,1.00
VHL17585,1.00
VHL13116,1.00
VHL16982,1.00
VHL18017,1.00
VHL19155,1.00
VHL19997,1.00
VHL19660,1.00
VHL19990,1.00
VHL13582,1.00
VHL15998,1.00
VHL13285,1.00
VHL16586,1.00
VHL15120,1.00
VHL14954,1.00
VHL18066,1.00
VHL13559,1.00
VHL14707,1.00
VHL12562,1.00
VHL15527,1.00
VHL12878,1.00
VHL12507,1.00
VHL14699,1.00
VHL14730,1.00
VHL16614,1.00
VHL13024,1.00
VHL19915,1.00
VHL13101,1.00
VHL13052,1.00
VHL19820,1.00
VHL11562,1.00
VHL16424,1.00
VHL10876,1.00
VHL12199,1.00
VHL17320,1.00
VHL13599,1.00
VHL15761,1.00
VHL12114,1.00
VHL14797,1.00
VHL10360,1.00
VHL11344,1.00
VHL13709,1.00
VHL19962,1.00
VHL11021,1.00
VHL11988,1.00
VHL18459,1.00
VHL12547,1.00
VHL17688,1.00
VHL10267,1.00
VHL17363,1.00
VHL19946,1.00
VHL17698,1.00
VHL10234,1.00
VHL13897,1.00
VHL13543,1.00
VHL11002,1.00
VHL19102,1.00
VHL17633,1.00
VHL18124,1.00
VHL16120,1.00
VHL19186,1.00
VHL18664,1.00
VHL17083,1.00
VHL13077,1.00
VHL17267,1.00
VHL18565,1.00
VHL13814,1.00
VHL18967,1.00
VHL13503,1.00
VHL13644,1.00
VHL17079,1.00
VHL15239,1.00
VHL17245,1.00
VHL10153,1.00
VHL19693,1.00
VHL10773,1.00
VHL11413,1.00
VHL10223,1.00
VHL18530,1.00
VHL12551,1.00
VHL17602,1.00
VHL13375,1.00
VHL13337,1.00
VHL18551,1.00
VHL17882,1.00
VHL17761,1.00
VHL12646,1.00
VHL15219,1.00
VHL14365,1.00
VHL16915,1.00
VHL10906,1.00
VHL13513,1.00
VHL14542,1.00
VHL14200,1.00
VHL18013,1.00
VHL14772,1.00
VHL13641,1.00
VHL15001,1.00
VHL10409,1.00
VHL12698,1.00
VHL14128,1.00
VHL10621,1.00
VHL13729,1.00
VHL16191,1.00
VHL11188,1.00
VHL14810,1.00
VHL16357,1.00
VHL18353,1.00
VHL15843,1.00
VHL10210,1.00
VHL17457,1.00
VHL11022,1.00
VHL16541,1.00
VHL17647,1.00
VHL11229,1.00
VHL17996,1.00
VHL17089,1.00
VHL19543,1.00
VHL19715,1.00
VHL17944,1.00
VHL16820,1.00
VHL14857,1.00
VHL17512,1.00
VHL16649,1.00
VHL14838,1.00
VHL14568,1.00
VHL17525,1.00
VHL16117,1.00
VHL13135,1.00
VHL19812,1.00
VHL17027,1.00
VHL14654,1.00
VHL12420,1.00
VHL10360,1.00
VHL13629,1.00
VHL16737,1.00
VHL15446,1.00
VHL10946,1.00
VHL13953,1.00
VHL17303,1.00
VHL15447,1.00
VHL12854,1.00
VHL12567,1.00
VHL19137,1.00
VHL19411,1.00
VHL10923,1.00
VHL17236,1.00
VHL19462,1.00
VHL13097,1.00
VHL19969,1.00
VHL11860,1.00
VHL18943,1.00
VHL11672,1.00
VHL10815,1.00
VHL16245,1.00
VHL14969,1.00
VHL19652,1.00
VHL11330,1.00
VHL19827,1.00
VHL10484,1.00
VHL11394,1.00
VHL18787,1.00
VHL11803,1.00
VHL12784,1.00
VHL17216,1.00
VHL10033,1.00
VHL11776,1.00
VHL14947,1.00
VHL17522,1.00
VHL14197,1.00
VHL13071,1.00
VHL17406,1.00
VHL12174,1.00
VHL12440,1.00
VHL12462,1.00
VHL12158,1.00
VHL14899,1.00
VHL11281,1.00
VHL10913,1.00
VHL19630,1.00
VHL19709,1.00
VHL14819,1.00
VHL15381,1.00
VHL14781,1.00
VHL18728,1.00
VHL16520,1.00
VHL10643,1.00
VHL19438,1.00
VHL14103,1.00
VHL19088,1.00
VHL15456,1.00
VHL16411,1.00
VHL19044,1.00
VHL15194,1.00
VHL11490,1.00
VHL13904,1.00
VHL15148,1.00
VHL10918,1.00
VHL19119,1.00
VHL10313,1.00
VHL17176,1.00
VHL17166,1.00
VHL11166,1.00
VHL19144,1.00
VHL17259,1.00
VHL11965,1.00
VHL13791,1.00
VHL12309,1.00
VHL18687,1.00
VHL10199,1.00
VHL18562,1.00
VHL14042,1.00
VHL19017,1.00
VHL18805,1.00
VHL18622,1.00
VHL14045,1.00
VHL17010,1.00
VHL16993,1.00
VHL16050,1.00
VHL16363,1.00
VHL10287,1.00
VHL19873,1.00
VHL15450,1.00
VHL14789,1.00
VHL14379,1.00
VHL10911,1.00
VHL10449,1.00
VHL19705,1.00
VHL14766,1.00
VHL16203,1.00
VHL14855,1.00
VHL14661,1.00
VHL19859,1.00
VHL14028,1.00
VHL14991,1.00
VHL15291,1.00
VHL16047,1.00
VHL12253,1.00
VHL10428,1.00
VHL15237,1.00
VHL16101,1.00
VHL16143,1.00
VHL10257,1.00
VHL16662,1.00
VHL19799,1.00
VHL14241,1.00
VHL17705,1.00
VHL17529,1.00
VHL15191,1.00
VHL17451,1.00
VHL17879,1.00
VHL19264,1.00
VHL19009,1.00
VHL10568,1.00
VHL19545,1.00
VHL16822,1.00
VHL10957,1.00
VHL15607,1.00
VHL12093,1.00
VHL19096,1.00
VHL18288,1.00
VHL11310,1.00
VHL19333,1.00
VHL13823,1.00
VHL19965,1.00
VHL16917,1.00
VHL11177,1.00
VHL16853,1.00
VHL18554,1.00
VHL18562,1.00
VHL10753,1.00
VHL16804,1.00
VHL18774,1.00
VHL15561,1.00
VHL12265,1.00
VHL10021,1.00
VHL18216,1.00
VHL18297,1.00
VHL15781,1.00
VHL12134,1.00
VHL12909,1.00
VHL19963,1.00
VHL16014,1.00
VHL14675,1.00
VHL19999,1.00
VHL15433,1.00
VHL12937,1.00
VHL11373,1.00
VHL17859,1.00
VHL10314,1.00
VHL18773,1.00
VHL16942,1.00
VHL18334,1.00
VHL17910,1.00
VHL18494,1.00
VHL12860,1.00
VHL10204,1.00
VHL19924,1.00
VHL13255,1.00
VHL12057,1.00
VHL19296,1.00
VHL10104,1.00
VHL14185,1.00
VHL15914,1.00
VHL11633,1.00
VHL10331,1.00
VHL15981,1.00
VHL18376,1.00
VHL14890,1.00
VHL14283,1.00
VHL15877,1.00
VHL10019,1.00
VHL10439,1.00
VHL18436,1.00
VHL11989,1.00
VHL19813,1.00
VHL15869,1.00
VHL13464,1.00
VHL14974,1.00
VHL13446,1.00
VHL11326,1.00
VHL12561,1.00
VHL12421,1.00
VHL15061,1.00
VHL16174,1.00
VHL14500,1.00
VHL16937,1.00
VHL13576,1.00
VHL12458,1.00
VHL11965,1.00
VHL11890,1.00
VHL14930,1.00
VHL16445,1.00
VHL11308,1.00
VHL17652,1.00
VHL13004,1.00
VHL10262,1.00
VHL13111,1.00
VHL13568,1.00
VHL12606,1.00
VHL15786,1.00
VHL11054,1.00
VHL15167,1.00
VHL14716,1.00
VHL11763,1.00
VHL17885,1.00
VHL16048,1.00
VHL17032,1.00
VHL10344,1.00
VHL13463,1.00
VHL12903,1.00
VHL14551,1.00
VHL14763,1.00
VHL19270,1.00
VHL12817,1.00
VHL18354,1.00
VHL12185,1.00
VHL14983,1.00
VHL15530,1.00
VHL15827,1.00
VHL14886,1.00
VHL17643,1.00
VHL16987,1.00
VHL14294,1.00
VHL16175,1.00
VHL18639,1.00
VHL13640,1.00
VHL17895,1.00
VHL19307,1.00
VHL19436,1.00
VHL19809,1.00
VHL10638,1.00
VHL13859,1.00
VHL11640,1.00
VHL13661,1.00
VHL15523,1.00
VHL12838,1.00
VHL11312,1.00
VHL12699,1.00
VHL14640,1.00
VHL17666,1.00
VHL14903,1.00
VHL13835,1.00
VHL15635,1.00
VHL19827,1.00
VHL14808,1.00
VHL16208,1.00
VHL18605,1.00
VHL19751,1.00
VHL17664,1.00
VHL12588,1.00
VHL17702,1.00
VHL10842,1.00
VHL19609,1.00
VHL12767,1.00
VHL13680,1.00
VHL13507,1.00
VHL16160,1.00
VHL13555,1.00
VHL18088,1.00
VHL16428,1.00
VHL11278,1.00
VHL17567,1.00
VHL16715,1.00
VHL15486,1.00
VHL10286,1.00
VHL13344,1.00
VHL17544,1.00
VHL12579,1.00
VHL19966,1.00
VHL12989,1.00
VHL18968,1.00
VHL16423,1.00
VHL15852,1.00
VHL16298,1.00
VHL13399,1.00
VHL11381,1.00
VHL18329,1.00
VHL13335,1.00
VHL11885,1.00
VHL19284,1.00
VHL12612,1.00
VHL15522,1.00
VHL16059,1.00
VHL10388,1.00
VHL10025,1.00
VHL14629,1.00
VHL10790,1.00
VHL17966,1.00
VHL12843,1.00
VHL11996,1.00
VHL15688,1.00
VHL13110,1.00
VHL19865,1.00
VHL13379,1.00
VHL18639,1.00
VHL16928,1.00
VHL11725,1.00
VHL11355,1.00
VHL17560,1.00
VHL11885,1.00
VHL12995,1.00
VHL11751,1.00
VHL14633,1.00
VHL16853,1.00
VHL14501,1.00
VHL13938,1.00
VHL12329,1.00
VHL10067,1.00
VHL19818,1.00
VHL12785,1.00
VHL13874,1.00
VHL18142,1.00
VHL14855,1.00
VHL12147,1.00
VHL15256,1.00
VHL13751,1.00
VHL17863,1.00
VHL13981,1.00
VHL18916,1.00
VHL19492,1.00
VHL16004,1.00
VHL15913,1.00
VHL16871,1.00
VHL11388,1.00
VHL15019,1.00
VHL11934,1.00
VHL19784,1.00
VHL12593,1.00
VHL15836,1.00
VHL17034,1.00
VHL14607,1.00
VHL17105,1.00
VHL18773,1.00
VHL12684,1.00
VHL17154,1.00
VHL10849,1.00
VHL12067,1.00
VHL14247,1.00
VHL18581,1.00
VHL18516,1.00
VHL17684,1.00
VHL17215,1.00
VHL15232,1.00
VHL19310,1.00
VHL12120,1.00
VHL15455,1.00
VHL10132,1.00
VHL12356,1.00
VHL16995,1.00
VHL15752,1.00
VHL12151,1.00
VHL11902,1.00
VHL17808,1.00
VHL17592,1.00
VHL16636,1.00
VHL11497,1.00
VHL17774,1.00
VHL15919,1.00
VHL15172,1.00
VHL11820,1.00
VHL13093,1.00
VHL17445,1.00
VHL18989,1.00
VHL10713,1.00
VHL14240,1.00
VHL13501,1.00
VHL18215,1.00
VHL14878,1.00
VHL19143,1.00
VHL10173,1.00
VHL16962,1.00
VHL15384,1.00
VHL13844,1.00
VHL11998,1.00
VHL10444,1.00
VHL19655,1.00
VHL18921,1.00
VHL11774,1.00
VHL15490,1.00
VHL18694,1.00
VHL10360,1.00
VHL18707,1.00
VHL15801,1.00
VHL17931,1.00
VHL16716,1.00
VHL11290,1.00
VHL18180,1.00
VHL19935,1.00
VHL16593,1.00
VHL17349,1.00
VHL18705,1.00
VHL18527,1.00
VHL18577,1.00
VHL15369,1.00
VHL16140,1.00
VHL11458,1.00
VHL13652,1.00
VHL13470,1.00
VHL17609,1.00
VHL16953,1.00
VHL19670,1.00
VHL16517,1.00
VHL12631,1.00
VHL14338,1.00
VHL13224,1.00
VHL19157,1.00
VHL10266,1.00
VHL11597,1.00
VHL16219,1.00
VHL12828,1.00
VHL10364,1.00
VHL11875,1.00
VHL10185,1.00
VHL12097,1.00
VHL17691,1.00
VHL15092,1.00
VHL11628,1.00
VHL13662,1.00
VHL11486,1.00
VHL18373,1.00
VHL16605,1.00
VHL14670,1.00
VHL19579,1.00
VHL15504,1.00
VHL18831,1.00
VHL19404,1.00
VHL11218,1.00
VHL13869,1.00
VHL19846,1.00
VHL11677,1.00
VHL17416,1.00
VHL13175,1.00
VHL17965,1.00
VHL19048,1.00
VHL18117,1.00
VHL16742,1.00
VHL10339,1.00
VHL14079,1.00
VHL17034,1.00
VHL15903,1.00
VHL14643,1.00
VHL19176,1.00
VHL16293,1.00
VHL16573,1.00
VHL10615,1.00
VHL10834,1.00
VHL13200,1.00
VHL18949,1.00
VHL14402,1.00
VHL16439,1.00
VHL14135,1.00
VHL10015,1.00
VHL10388,1.00
VHL17226,1.00
VHL16884,1.00
VHL18216,1.00
VHL19751,1.00
VHL11071,1.00
VHL16489,1.00
VHL12578,1.00
VHL10582,1.00
VHL19617,1.00
VHL14437,1.00
VHL11749,1.00
VHL18131,1.00
VHL16700,1.00
VHL14166,1.00
VHL19100,1.00
VHL11100,1.00
VHL17954,1.00
VHL15065,1.00
VHL14908,1.00
VHL11925,1.00
VHL12725,1.00
VHL17558,1.00
VHL12989,1.00
VHL11734,1.00
VHL15324,1.00
VHL19720,1.00
VHL17274,1.00
VHL10206,1.00
VHL18355,1.00
VHL16634,1.00
VHL15037,1.00
VHL19446,1.00
VHL11255,1.00
VHL18968,1.00
VHL17262,1.00
VHL19635,1.00
VHL13636,1.00
VHL14827,1.00
VHL13630,1.00
VHL18929,1.00
VHL18493,1.00
VHL11970,1.00
VHL18557,1.00
VHL16603,1.00
VHL10144,1.00
VHL19283,1.00
VHL14957,1.00
VHL14521,1.00
VHL14631,1.00
VHL10741,1.00
VHL18773,1.00
VHL15546,1.00
VHL18796,1.00
VHL16777,1.00
VHL12667,1.00
VHL11806,1.00
VHL16241,1.00
VHL11602,1.00
VHL10361,1.00
VHL11563,1.00
VHL18781,1.00
VHL11605,1.00
VHL17566,1.00
VHL14925,1.00
VHL17378,1.00
VHL13933,1.00
VHL15621,1.00
VHL11212,1.00
VHL17047,1.00
VHL18495,1.00
VHL11789,1.00
VHL18812,1.00
VHL12003,1.00
VHL17763,1.00
VHL10234,1.00
VHL11820,1.00
VHL15612,1.00
VHL16969,1.00
VHL15883,1.00
VHL16910,1.00
VHL15537,1.00
VHL19483,1.00
VHL19061,1.00
VHL10122,1.00
VHL18413,1.00
VHL19153,1.00
VHL16118,1.00
VHL11390,1.00
VHL15701,1.00
VHL12322,1.00
VHL18493,1.00
VHL18230,1.00
VHL10567,1.00
VHL16862,1.00
VHL12040,1.00
VHL13506,1.00
VHL13379,1.00
VHL16540,1.00
VHL14882,1.00
VHL16979,1.00
VHL17108,1.00
VHL19862,1.00
VHL19541,1.00
VHL16650,1.00
VHL18976,1.00
VHL15984,1.00
VHL13017,1.00
VHL12807,1.00
VHL16571,1.00
VHL18496,1.00
VHL19085,1.00
VHL15655,1.00
VHL10274,1.00
VHL17927,1.00
VHL14169,1.00
VHL10088,1.00
VHL19133,1.00
VHL10124,1.00
VHL17800,1.00
VHL12549,1.00
VHL10900,1.00
VHL16654,1.00
VHL15178,1.00
VHL10370,1.00
VHL19083,1.00
VHL10667,1.00
VHL11177,1.00
VHL19621,1.00
VHL19834,1.00
VHL18831,1.00
VHL16058,1.00
VHL15327,1.00
VHL10566,1.00
VHL15911,1.00
VHL18703,1.00
VHL19494,1.00
VHL16292,1.00
VHL12417,1.00
VHL16694,1.00
VHL16876,1.00
VHL10394,1.00
VHL18192,1.00
VHL18989,1.00
VHL15531,1.00
VHL19945,1.00
VHL15352,1.00
VHL10470,1.00
VHL12910,1.00
VHL19260,1.00
VHL18747,1.00
VHL10865,1.00
VHL10512,1.00
VHL19176,1.00
VHL18494,1.00
VHL14953,1.00
VHL18146,1.00
VHL10753,1.00
VHL13266,1.00
VHL18142,1.00
VHL12499,1.00
VHL11132,1.00
VHL16161,1.00
VHL16332,1.00
VHL11947,1.00
VHL15516,1.00
VHL15620,1.00
VHL11334,1.00
VHL14676,1.00
VHL18063,1.00
VHL11305,1.00
VHL17190,1.00
VHL19509,1.00
VHL13065,1.00
VHL16948,1.00
VHL18753,1.00
VHL13306,1.00
VHL11296,1.00
VHL14799,1.00
VHL16629,1.00
VHL12469,1.00
VHL14725,1.00
VHL15360,1.00
VHL12472,1.00
VHL17694,1.00
VHL19367,1.00
VHL13921,1.00
VHL18424,1.00
VHL13215,1.00
VHL19720,1.00
VHL19474,1.00
VHL14718,1.00
VHL13614,1.00
VHL15761,1.00
VHL15481,1.00
VHL10583,1.00
VHL10999,1.00
VHL11387,1.00
VHL17201,1.00
VHL11541,1.00
VHL11491,1.00
VHL13571,1.00
VHL17798,1.00
VHL11615,1.00
VHL17412,1.00
VHL17680,1.00
VHL13091,1.00
VHL13434,1.00
VHL15052,1.00
VHL11742,1.00
VHL11925,1.00
VHL12016,1.00
VHL17513,1.00
VHL10564,1.00
VHL14087,1.00
VHL18246,1.00
VHL10468,1.00
VHL18823,1.00
VHL10264,1.00
VHL15285,1.00
VHL16403,1.00
VHL14260,1.00
VHL16390,1.00
VHL14383,1.00
VHL12924,1.00
VHL16793,1.00
VHL19286,1.00
VHL11692,1.00
VHL19565,1.00
VHL12271,1.00
VHL16387,1.00
VHL10067,1.00
VHL11055,1.00
VHL16282,1.00
VHL10373,1.00
VHL13130,1.00
VHL14791,1.00
VHL17669,1.00
VHL10245,1.00
VHL13394,1.00
VHL13369,1.00
VHL12230,1.00
VHL15024,1.00
VHL15401,1.00
VHL17830,1.00
VHL16594,1.00
VHL13400,1.00
VHL13413,1.00
VHL11338,1.00
VHL12928,1.00
VHL14141,1.00
VHL13196,1.00
VHL17193,1.00
VHL13848,1.00
VHL15690,1.00
VHL14292,1.00
VHL10249,1.00
VHL16684,1.00
VHL13663,1.00
VHL16780,1.00
VHL15195,1.00
VHL19709,1.00
VHL16300,1.00
VHL18402,1.00
VHL10408,1.00
VHL17856,1.00
VHL12909,1.00
VHL17579,1.00
VHL14360,1.00
VHL16170,1.00
VHL11625,1.00
VHL10141,1.00
VHL13372,1.00
VHL10702,1.00
VHL10168,1.00
VHL17506,1.00
VHL19811,1.00
VHL18898,1.00
VHL14976,1.00
VHL19528,1.00
VHL14747,1.00
VHL12298,1.00
VHL12897,1.00
VHL14501,1.00
VHL19230,1.00
VHL17122,1.00
VHL13093,1.00
VHL13713,1.00
VHL10827,1.00
VHL14671,1.00
VHL19953,1.00
VHL14674,1.00
VHL19651,1.00
VHL14860,1.00
VHL15452,1.00
VHL11031,1.00
VHL16763,1.00
VHL13764,1.00
VHL12562,1.00
VHL11827,1.00
VHL13929,1.00
VHL10039,1.00
VHL15009,1.00
VHL13821,1.00
VHL14348,1.00
VHL16840,1.00
VHL12002,1.00
VHL10237,1.00
VHL18738,1.00
VHL10568,1.00
VHL19355,1.00
VHL16226,1.00
VHL16719,1.00
VHL14548,1.00
VHL16912,1.00
VHL19505,1.00
VHL16442,1.00
VHL16825,1.00
VHL12658,1.00
VHL12481,1.00
VHL18658,1.00
VHL15493,1.00
VHL12577,1.00
VHL13844,1.00
VHL12544,1.00
VHL14450,1.00
VHL16818,1.00
VHL18694,1.00
VHL13597,1.00
VHL15898,1.00
VHL18680,1.00
VHL12465,1.00
VHL12148,1.00
VHL19876,1.00
VHL19612,1.00
VHL18169,1.00
VHL13267,1.00
VHL14640,1.00
VHL15593,1.00
VHL16387,1.00
VHL13148,1.00
VHL11142,1.00
VHL18659,1.00
VHL13899,1.00
VHL18985,1.00
VHL17250,1.00
VHL17539,1.00
VHL18609,1.00
VHL11948,1.00
VHL11525,1.00
VHL12806,1.00
VHL19564,1.00
VHL19054,1.00
VHL18679,1.00
VHL19665,1.00
VHL12463,1.00
VHL10753,1.00
VHL11312,1.00
VHL12620,1.00
VHL17592,1.00
VHL11746,1.00
VHL14332,1.00
VHL19959,1.00
VHL16741,1.00
VHL10763,1.00
VHL17541,1.00
VHL11701,1.00
VHL10194,1.00
VHL13479,1.00
VHL15975,1.00
VHL10231,1.00
VHL18446,1.00
VHL19365,1.00
VHL12815,1.00
VHL17210,1.00
VHL14273,1.00
VHL16001,1.00
VHL17232,1.00
VHL17877,1.00
VHL13772,1.00
VHL14502,1.00
VHL12140,1.00
VHL12267,1.00
VHL18736,1.00
VHL17988,1.00
VHL11233,1.00
VHL18205,1.00
VHL17229,1.00
VHL12503,1.00
VHL16555,1.00
VHL11608,1.00
VHL13099,1.00
VHL10464,1.00
VHL13660,1.00
VHL15246,1.00
VHL18351,1.00
VHL14567,1.00
VHL18076,1.00
VHL15135,1.00
VHL14661,1.00
VHL13468,1.00
VHL18899,1.00
VHL10051,1.00
VHL12127,1.00
VHL12196,1.00
VHL17014,1.00
VHL11559,1.00
VHL10059,1.00
VHL15739,1.00
VHL14808,1.00
VHL15611,1.00
VHL14636,1.00
VHL11570,1.00
VHL16463,1.00
VHL16394,1.00
VHL13693,1.00
VHL12291,1.00
VHL15561,1.00
VHL19493,1.00
VHL12756,1.00
VHL10950,1.00
VHL16866,1.00
VHL12609,1.00
VHL12574,1.00
VHL17135,1.00
VHL13752,1.00
VHL13546,1.00
VHL11097,1.00
VHL18181,1.00
VHL10940,1.00
VHL16905,1.00
VHL19185,1.00
VHL10923,1.00
VHL18309,1.00
VHL19349,1.00
VHL13590,1.00
VHL20000,1.00
VHL12384,1.00
VHL13167,1.00
VHL18928,1.00
VHL11333,1.00
VHL18531,1.00
VHL19725,1.00
VHL13535,1.00
VHL15299,1.00
VHL19132,1.00
VHL19736,1.00
VHL11914,1.00
VHL14981,1.00
VHL11507,1.00
VHL18768,1.00
VHL13208,1.00
VHL17200,1.00
VHL19398,1.00
VHL10666,1.00
VHL12919,1.00
VHL17972,1.00
VHL10315,1.00
VHL13868,1.00
VHL16268,1.00
VHL15979,1.00
VHL14334,1.00
VHL19984,1.00
VHL15905,1.00
VHL14849,1.00
VHL10077,1.00
VHL12763,1.00
VHL13814,1.00
VHL18236,1.00
VHL18380,1.00
VHL11075,1.00
VHL10482,1.00
VHL10117,1.00
VHL13673,1.00
VHL17221,1.00
VHL11240,1.00
VHL12562,1.00
VHL13799,1.00
VHL13466,1.00
VHL14698,1.00
VHL15372,1.00
VHL13032,1.00
VHL13600,1.00
VHL17335,1.00
VHL15519,1.00
VHL19609,1.00
VHL12581,1.00
VHL18738,1.00
VHL15107,1.00
VHL16177,1.00
VHL11709,1.00
VHL14469,1.00
VHL13687,1.00
VHL16412,1.00
VHL14864,1.00
VHL15725,1.00
VHL17141,1.00
VHL10991,1.00
VHL10678,1.00
VHL13889,1.00
VHL17084,1.00
VHL15443,1.00
VHL10783,1.00
VHL19744,1.00
VHL18331,1.00
VHL16307,1.00
VHL18003,1.00
VHL10838,1.00
VHL13320,1.00
VHL19953,1.00
VHL19152,1.00
VHL15913,1.00
VHL15341,1.00
VHL14269,1.00
VHL10263,1.00
VHL10559,1.00
VHL17221,1.00
VHL12379,1.00
VHL18253,1.00
VHL11172,1.00
VHL17213,1.00
VHL18445,1.00
VHL10808,1.00
VHL13851,1.00
VHL18936,1.00
VHL17750,1.00
VHL14279,1.00
VHL17407,1.00
VHL17737,1.00
VHL11196,1.00
VHL10773,1.00
VHL12028,1.00
VHL19833,1.00
VHL13566,1.00
VHL18282,1.00
VHL11015,1.00
VHL16696,1.00
VHL13980,1.00
VHL18337,1.00
VHL11330,1.00
VHL14873,1.00
VHL15435,1.00
VHL13861,1.00
VHL12073,1.00
VHL15320,1.00
VHL17850,1.00
VHL16757,1.00
VHL15181,1.00
VHL14613,1.00
VHL17238,1.00
VHL12083,1.00
VHL16344,1.00
VHL19413,1.00
VHL17430,1.00
VHL14996,1.00
VHL13423,1.00
VHL13162,1.00
VHL14672,1.00
VHL12020,1.00
VHL16103,1.00
VHL10650,1.00
VHL15234,1.00
VHL11305,1.00
VHL18180,1.00
VHL17458,1.00
VHL15835,1.00
VHL17211,1.00
VHL17209,1.00
VHL18693,1.00
VHL18975,1.00
VHL18976,1.00
VHL15391,1.00
VHL13071,1.00
VHL19241,1.00
VHL14944,1.00
VHL19128,1.00
VHL18577,1.00
VHL15429,1.00
VHL12217,1.00
VHL15705,1.00
VHL19888,1.00
VHL11906,1.00
VHL15757,1.00
VHL11938,1.00
VHL10969,1.00
VHL11777,1.00
VHL16275,1.00
VHL14235,1.00
VHL10496,1.00
VHL18481,1.00
VHL17185,1.00
VHL15960,1.00
VHL11313,1.00
VHL11288,1.00
VHL12337,1.00
VHL14268,1.00
VHL10015,1.00
VHL16136,1.00
VHL17903,1.00
VHL14018,1.00
VHL17473,1.00
VHL11480,1.00
VHL13881,1.00